[
  {
    "name": "IA_CLI_rList",
    "description": "Interface terminal IA intelligente avec commandes OCR intégrées",
    "status": "stable"
  },
  {
    "name": "IA_ProxyLauncher",
    "description": "Lanceur hybride local/online avec proxy IA adaptatif",
    "status": "intégré"
  },
  {
    "name": "IA_USB_RemoteAccess",
    "description": "Détection USB, tunnel sécurisé Cloudflare/Ngrok, accès distant",
    "status": "opérationnel"
  },
  {
    "name": "APK_WebView_IA",
    "description": "APK Flutter avec interface IA intégrée locale/splash",
    "status": "publié"
  },
  {
    "name": "VM_NETSECURE_IA.iso",
    "description": "Système ISO bootable IA complet avec verrouillage et menu IA",
    "status": "release_finale"
  }
]
